/*
 Navicat Premium Data Transfer

 Source Server         : xampp localhost
 Source Server Type    : MySQL
 Source Server Version : 50505
 Source Host           : localhost
 Source Database       : OTRADE

 Target Server Type    : MySQL
 Target Server Version : 50505
 File Encoding         : utf-8

 Date: 01/24/2016 12:27:35 PM
*/

SET NAMES utf8;
SET FOREIGN_KEY_CHECKS = 0;

-- ----------------------------
--  Table structure for `os_brand`
-- ----------------------------
DROP TABLE IF EXISTS `os_brand`;
CREATE TABLE `os_brand` (
  `brand_id` int(11) NOT NULL AUTO_INCREMENT,
  `brand_name` varchar(200) NOT NULL,
  `update_time` timestamp NULL DEFAULT CURRENT_TIMESTAMP,
  `is_valid` int(11) DEFAULT '1' COMMENT '1:valid, 0 not valid',
  PRIMARY KEY (`brand_id`)
) ENGINE=MyISAM AUTO_INCREMENT=11 DEFAULT CHARSET=latin1;

-- ----------------------------
--  Records of `os_brand`
-- ----------------------------
BEGIN;
INSERT INTO `os_brand` VALUES ('8', 'Swisse', '2016-01-17 18:11:25', '1'), ('2', 'Apatami', '2016-01-14 22:18:09', '1'), ('6', 'A2', '2016-01-17 17:55:32', '1'), ('7', 'A2', '2016-01-17 17:56:00', '1'), ('9', 'blackmore', '2016-01-17 18:11:45', '1'), ('10', 'A2', '2016-01-17 18:13:14', '0');
COMMIT;

-- ----------------------------
--  Table structure for `os_category`
-- ----------------------------
DROP TABLE IF EXISTS `os_category`;
CREATE TABLE `os_category` (
  `category_id` int(11) NOT NULL AUTO_INCREMENT,
  `category_name` varchar(255) DEFAULT NULL,
  `is_valid` int(11) DEFAULT '1',
  `update_time` timestamp NULL DEFAULT CURRENT_TIMESTAMP,
  PRIMARY KEY (`category_id`)
) ENGINE=MyISAM AUTO_INCREMENT=7 DEFAULT CHARSET=latin1;

-- ----------------------------
--  Records of `os_category`
-- ----------------------------
BEGIN;
INSERT INTO `os_category` VALUES ('2', 'Health', '1', '2016-01-17 22:05:04'), ('3', 'Beauty', '1', '2016-01-17 22:05:33'), ('4', 'Vitamins', '0', '2016-01-17 22:07:25'), ('6', 'test', '0', '2016-01-17 22:11:20');
COMMIT;

-- ----------------------------
--  Table structure for `os_chemist_product`
-- ----------------------------
DROP TABLE IF EXISTS `os_chemist_product`;
CREATE TABLE `os_chemist_product` (
  `rowid` int(11) NOT NULL AUTO_INCREMENT,
  `chemist_product_id` int(11) NOT NULL,
  `product_name` varchar(255) DEFAULT NULL,
  `small_img_src` varchar(255) DEFAULT NULL,
  `big_img_src` varchar(255) DEFAULT NULL,
  `chemist_price` decimal(10,2) DEFAULT NULL,
  `entrytime` timestamp NULL DEFAULT CURRENT_TIMESTAMP,
  `update_time` timestamp NULL DEFAULT CURRENT_TIMESTAMP,
  PRIMARY KEY (`rowid`)
) ENGINE=InnoDB AUTO_INCREMENT=133 DEFAULT CHARSET=latin1;

-- ----------------------------
--  Records of `os_chemist_product`
-- ----------------------------
BEGIN;
INSERT INTO `os_chemist_product` VALUES ('1', '43238', 'Bio-Organics Glucosamine Rapid Cream 100g', 'https://static.chemistwarehouse.com.au/ams/media/productimages/43238/150.jpg', 'https://static.chemistwarehouse.com.au/ams/media/productimages/43238/original.jpg', '14.99', '2016-01-24 02:22:44', '2016-01-24 10:50:20'), ('2', '44645', 'Bio-Organics Tribulus Max 10,000mg 50 Capsules', 'https://static.chemistwarehouse.com.au/ams/media/productimages/44645/150.jpg', 'https://static.chemistwarehouse.com.au/ams/media/productimages/44645/original.jpg', '25.99', '2016-01-24 02:22:44', '2016-01-24 10:50:20'), ('3', '48072', 'Bio-Organics Cranberry 10000+ 90 Capsules', 'https://static.chemistwarehouse.com.au/ams/media/productimages/48072/150.jpg', 'https://static.chemistwarehouse.com.au/ams/media/productimages/48072/original.jpg', '19.99', '2016-01-24 02:22:44', '2016-01-24 10:50:20'), ('4', '51560', 'Bio-Organics Glucosamine Forte 1500mg 100 Tablets', 'https://static.chemistwarehouse.com.au/ams/media/productimages/51560/150.jpg', 'https://static.chemistwarehouse.com.au/ams/media/productimages/51560/original.jpg', '23.99', '2016-01-24 02:22:44', '2016-01-24 10:50:20'), ('5', '51767', 'Bio-Organics Glucosamine Sulfate Complex 1000mg 320 Capsules', 'https://static.chemistwarehouse.com.au/ams/media/productimages/51767/150.jpg', 'https://static.chemistwarehouse.com.au/ams/media/productimages/51767/original.jpg', '38.39', '2016-01-24 02:22:44', '2016-01-24 10:50:20'), ('6', '51864', 'Bio-Organics Cranberry MAX 20000mg 60 Tablets', 'https://static.chemistwarehouse.com.au/ams/media/productimages/51864/150.jpg', 'https://static.chemistwarehouse.com.au/ams/media/productimages/51864/original.jpg', '23.99', '2016-01-24 02:22:44', '2016-01-24 10:50:20'), ('7', '52952', 'Bio-Organics Cranberry 10000mg 150 Capsules', 'https://static.chemistwarehouse.com.au/ams/media/productimages/52952/150.jpg', 'https://static.chemistwarehouse.com.au/ams/media/productimages/52952/original.jpg', '34.99', '2016-01-24 02:22:44', '2016-01-24 10:50:20'), ('8', '52998', 'Bio-Organics CoQ10 150mg Optimal 30 Capsules', 'https://static.chemistwarehouse.com.au/ams/media/productimages/52998/150.jpg', 'https://static.chemistwarehouse.com.au/ams/media/productimages/52998/original.jpg', '17.39', '2016-01-24 02:22:44', '2016-01-24 10:50:20'), ('9', '53682', 'Bio-Organics Cranberry MAX 20000mg 100 Tablets', 'https://static.chemistwarehouse.com.au/ams/media/productimages/53682/150.jpg', 'https://static.chemistwarehouse.com.au/ams/media/productimages/53682/original.jpg', '35.99', '2016-01-24 02:22:44', '2016-01-24 10:50:20'), ('10', '53988', 'Bio-Organics Brahmi 6000 Optimal 40 Capsules', 'https://static.chemistwarehouse.com.au/ams/media/productimages/53988/150.jpg', 'https://static.chemistwarehouse.com.au/ams/media/productimages/53988/original.jpg', '20.39', '2016-01-24 02:22:44', '2016-01-24 10:50:20'), ('11', '55037', 'Bio-Organics Vitamin D3 1000iu 120 Tablets', 'https://static.chemistwarehouse.com.au/ams/media/productimages/55037/150.jpg', 'https://static.chemistwarehouse.com.au/ams/media/productimages/55037/original.jpg', '8.99', '2016-01-24 02:22:44', '2016-01-24 10:50:20'), ('12', '55228', 'Bio-Organics Calcium 600 + Vitamin D3 400 120 Tablets', 'https://static.chemistwarehouse.com.au/ams/media/productimages/55228/150.jpg', 'https://static.chemistwarehouse.com.au/ams/media/productimages/55228/original.jpg', '11.39', '2016-01-24 02:22:44', '2016-01-24 10:50:20'), ('13', '55660', 'Bio-Organics Magnesium Forte 100 Tablets', 'https://static.chemistwarehouse.com.au/ams/media/productimages/55660/150.jpg', 'https://static.chemistwarehouse.com.au/ams/media/productimages/55660/original.jpg', '14.99', '2016-01-24 02:22:44', '2016-01-24 10:50:20'), ('14', '66518', 'Bio-Organics Super Strength Krill Oil 1200mg 30 Capsules', 'https://static.chemistwarehouse.com.au/ams/media/productimages/66518/150.jpg', 'https://static.chemistwarehouse.com.au/ams/media/productimages/66518/original.jpg', '21.69', '2016-01-24 02:22:44', '2016-01-24 10:50:20'), ('15', '66555', 'Bio-Organics CoQ10 150mg Optimal 60 Capsules', 'https://static.chemistwarehouse.com.au/ams/media/productimages/66555/150.jpg', 'https://static.chemistwarehouse.com.au/ams/media/productimages/66555/original.jpg', '24.99', '2016-01-24 02:22:44', '2016-01-24 10:50:20'), ('16', '66556', 'Bio-Organics Glucosamine 750mg and Chondroitin 400mg 180 Tablets', 'https://static.chemistwarehouse.com.au/ams/media/productimages/66556/150.jpg', 'https://static.chemistwarehouse.com.au/ams/media/productimages/66556/original.jpg', '29.99', '2016-01-24 02:22:44', '2016-01-24 10:50:20'), ('17', '66557', 'Bio-Organics Glucosamine Forte 1500mg Tablets 20% Extra 240 Tablets', 'https://static.chemistwarehouse.com.au/ams/media/productimages/66557/150.jpg', 'https://static.chemistwarehouse.com.au/ams/media/productimages/66557/original.jpg', '23.99', '2016-01-24 02:22:44', '2016-01-24 10:50:20'), ('18', '67202', 'Bio-Organics Magnesium Forte Powder with CoQ10 and B Vitamins 200g', 'https://static.chemistwarehouse.com.au/ams/media/productimages/67202/150.jpg', 'https://static.chemistwarehouse.com.au/ams/media/productimages/67202/original.jpg', '27.99', '2016-01-24 02:22:44', '2016-01-24 10:50:20'), ('19', '67392', 'Bio-Organics Krill Oil + Glucosamine 60 Capsules', 'https://static.chemistwarehouse.com.au/ams/media/productimages/67392/150.jpg', 'https://static.chemistwarehouse.com.au/ams/media/productimages/67392/original.jpg', '26.99', '2016-01-24 02:22:44', '2016-01-24 10:50:20'), ('20', '76014', 'Bio-Organics Mega Cranberry MAX 50000 60 Capsules', 'https://static.chemistwarehouse.com.au/ams/media/productimages/76014/150.jpg', 'https://static.chemistwarehouse.com.au/ams/media/productimages/76014/original.jpg', '25.99', '2016-01-24 02:22:44', '2016-01-24 10:50:20'), ('32', '53353', 'Karicare+ Goats\' Milk Follow-On Formula From 6 months 900g', 'https://static.chemistwarehouse.com.au/ams/media/productimages/53353/150.jpg', 'https://static.chemistwarehouse.com.au/ams/media/productimages/53353/original.jpg', '33.99', '2016-01-24 02:25:06', '2016-01-24 12:25:44'), ('33', '55112', 'Karicare+ Goats\' Milk Infant Formula From Birth 0-6 Months 900g', 'https://static.chemistwarehouse.com.au/ams/media/productimages/55112/150.jpg', 'https://static.chemistwarehouse.com.au/ams/media/productimages/55112/original.jpg', '33.99', '2016-01-24 02:25:06', '2016-01-24 12:25:44'), ('34', '56696', 'Karicare+ Soy Milk Infant Formula All Ages From Birth 900g', 'https://static.chemistwarehouse.com.au/ams/media/productimages/56696/150.jpg', 'https://static.chemistwarehouse.com.au/ams/media/productimages/56696/original.jpg', '19.99', '2016-01-24 02:25:06', '2016-01-24 12:25:44'), ('35', '67872', 'Karicare+ 3 Toddler Growing Up Milk From 1 year 900g', 'https://static.chemistwarehouse.com.au/ams/media/productimages/67872/150.jpg', 'https://static.chemistwarehouse.com.au/ams/media/productimages/67872/original.jpg', '17.69', '2016-01-24 02:25:06', '2016-01-24 12:25:44'), ('36', '67873', 'Karicare+ 4 Toddler Growing Up Milk From 2 years 900g', 'https://static.chemistwarehouse.com.au/ams/media/productimages/67873/150.jpg', 'https://static.chemistwarehouse.com.au/ams/media/productimages/67873/original.jpg', '17.69', '2016-01-24 02:25:06', '2016-01-24 12:25:44'), ('37', '68394', 'Karicare+ 1 Infant Formula From Birth 0-6 Months 900g', 'https://static.chemistwarehouse.com.au/ams/media/productimages/68394/150.jpg', 'https://static.chemistwarehouse.com.au/ams/media/productimages/68394/original.jpg', '19.69', '2016-01-24 02:25:06', '2016-01-24 12:25:44'), ('38', '68395', 'Karicare+ 2 Follow-On Formula From 6 months 900g', 'https://static.chemistwarehouse.com.au/ams/media/productimages/68395/150.jpg', 'https://static.chemistwarehouse.com.au/ams/media/productimages/68395/original.jpg', '19.69', '2016-01-24 02:25:06', '2016-01-24 12:25:44'), ('39', '34362', 'Heinz Nurture Original Follow-On Formula 900g', 'https://static.chemistwarehouse.com.au/ams/media/productimages/34362/150.jpg', 'https://static.chemistwarehouse.com.au/ams/media/productimages/34362/original.jpg', '15.69', '2016-01-24 10:51:44', '2016-01-24 12:25:44'), ('40', '41738', 'Heinz Nurture Gold Starter Formula 900g', 'https://static.chemistwarehouse.com.au/ams/media/productimages/41738/150.jpg', 'https://static.chemistwarehouse.com.au/ams/media/productimages/41738/original.jpg', '17.99', '2016-01-24 10:51:44', '2016-01-24 12:25:44'), ('41', '55276', 'Heinz Nurture Original Infant Formula 900g', 'https://static.chemistwarehouse.com.au/ams/media/productimages/55276/150.jpg', 'https://static.chemistwarehouse.com.au/ams/media/productimages/55276/original.jpg', '15.69', '2016-01-24 10:51:44', '2016-01-24 12:25:44'), ('42', '55528', 'S26 LF Formula 900g', 'https://static.chemistwarehouse.com.au/ams/media/productimages/55528/150.jpg', 'https://static.chemistwarehouse.com.au/ams/media/productimages/55528/original.jpg', '19.99', '2016-01-24 10:51:44', '2016-01-24 12:25:44'), ('43', '56509', 'S26 Progress Formula 900g', 'https://static.chemistwarehouse.com.au/ams/media/productimages/56509/150.jpg', 'https://static.chemistwarehouse.com.au/ams/media/productimages/56509/original.jpg', '19.69', '2016-01-24 10:51:44', '2016-01-24 12:25:44'), ('44', '57002', 'Heinz Nurture Gold Toddler Formula 900g', 'https://static.chemistwarehouse.com.au/ams/media/productimages/57002/150.jpg', 'https://static.chemistwarehouse.com.au/ams/media/productimages/57002/original.jpg', '14.99', '2016-01-24 10:51:44', '2016-01-24 12:25:44'), ('45', '58045', 'Heinz Nurture Gold Follow On Formula 900g', 'https://static.chemistwarehouse.com.au/ams/media/productimages/58045/150.jpg', 'https://static.chemistwarehouse.com.au/ams/media/productimages/58045/original.jpg', '17.99', '2016-01-24 10:51:44', '2016-01-24 12:25:44'), ('46', '58612', 'Heinz Nurture Original Toddler Formula 900g', 'https://static.chemistwarehouse.com.au/ams/media/productimages/58612/150.jpg', 'https://static.chemistwarehouse.com.au/ams/media/productimages/58612/original.jpg', '13.69', '2016-01-24 10:51:44', '2016-01-24 12:25:44'), ('47', '63314', 'Heinz Teething Rusks 100g', 'https://static.chemistwarehouse.com.au/ams/media/productimages/63314/150.jpg', 'https://static.chemistwarehouse.com.au/ams/media/productimages/63314/original.jpg', '3.39', '2016-01-24 10:51:44', '2016-01-24 12:25:44'), ('48', '63868', 'NAN Pro 1 Gold 800g', 'https://static.chemistwarehouse.com.au/ams/media/productimages/63868/150.jpg', 'https://static.chemistwarehouse.com.au/ams/media/productimages/63868/original.jpg', '20.99', '2016-01-24 10:51:44', '2016-01-24 12:25:44'), ('49', '65411', 'S26 Gold Soy 900g', 'https://static.chemistwarehouse.com.au/ams/media/productimages/65411/150.jpg', 'https://static.chemistwarehouse.com.au/ams/media/productimages/65411/original.jpg', '24.69', '2016-01-24 10:51:44', '2016-01-24 12:25:44'), ('50', '65775', 'Nan HA Gold 3 Toddler 800g', 'https://static.chemistwarehouse.com.au/ams/media/productimages/65775/150.jpg', 'https://static.chemistwarehouse.com.au/ams/media/productimages/65775/original.jpg', '19.99', '2016-01-24 10:51:44', '2016-01-24 12:25:44'), ('51', '65831', 'S26 Gold LF Lactose Free Formula 900G', 'https://static.chemistwarehouse.com.au/ams/media/productimages/65831/150.jpg', 'https://static.chemistwarehouse.com.au/ams/media/productimages/65831/original.jpg', '24.69', '2016-01-24 10:51:44', '2016-01-24 12:25:44'), ('52', '66326', 'Neocate Gold 400g', 'https://static.chemistwarehouse.com.au/ams/media/productimages/66326/150.jpg', 'https://static.chemistwarehouse.com.au/ams/media/productimages/66326/original.jpg', '49.69', '2016-01-24 10:51:44', '2016-01-24 12:25:44'), ('53', '66339', 'Nan HA 2 Gold + Bifidus 800g', 'https://static.chemistwarehouse.com.au/ams/media/productimages/66339/150.jpg', 'https://static.chemistwarehouse.com.au/ams/media/productimages/66339/original.jpg', '24.99', '2016-01-24 10:51:44', '2016-01-24 12:25:44'), ('54', '69965', 'A2 Follow On Formula Stage 2 900g', 'https://static.chemistwarehouse.com.au/ams/media/productimages/69965/150.jpg', 'https://static.chemistwarehouse.com.au/ams/media/productimages/69965/original.jpg', '29.99', '2016-01-24 10:51:44', '2016-01-24 12:25:44'), ('55', '69966', 'A2 Infant Formula Stage 1 900g', 'https://static.chemistwarehouse.com.au/ams/media/productimages/69966/150.jpg', 'https://static.chemistwarehouse.com.au/ams/media/productimages/69966/original.jpg', '29.99', '2016-01-24 10:51:44', '2016-01-24 12:25:44'), ('56', '72567', 'NAN AR Formula 800g', 'https://static.chemistwarehouse.com.au/ams/media/productimages/72567/150.jpg', 'https://static.chemistwarehouse.com.au/ams/media/productimages/72567/original.jpg', '21.99', '2016-01-24 10:51:44', '2016-01-24 12:25:44'), ('57', '77384', 'Nature\'s Way Kids Smart Toddler Stage 3 900g', 'https://static.chemistwarehouse.com.au/ams/media/productimages/77384/150.jpg', 'https://static.chemistwarehouse.com.au/ams/media/productimages/77384/original.jpg', '20.99', '2016-01-24 10:51:44', '2016-01-24 12:25:44'), ('58', '77677', 'S26 Gold Progress 900g', 'https://static.chemistwarehouse.com.au/ams/media/productimages/77677/150.jpg', 'https://static.chemistwarehouse.com.au/ams/media/productimages/77677/original.jpg', '24.69', '2016-01-24 10:51:44', '2016-01-24 12:25:44'), ('59', '77678', 'S26 Gold Toddler 900g', 'https://static.chemistwarehouse.com.au/ams/media/productimages/77678/150.jpg', 'https://static.chemistwarehouse.com.au/ams/media/productimages/77678/original.jpg', '19.69', '2016-01-24 10:51:44', '2016-01-24 12:25:44'), ('60', '77679', 'S26 Gold Junior 900g', 'https://static.chemistwarehouse.com.au/ams/media/productimages/77679/150.jpg', 'https://static.chemistwarehouse.com.au/ams/media/productimages/77679/original.jpg', '19.69', '2016-01-24 10:51:44', '2016-01-24 12:25:44'), ('70', '50003', 'Novalac SD Sweet Dreams Infant Formula 800g', 'https://static.chemistwarehouse.com.au/ams/media/productimages/50003/150.jpg', 'https://static.chemistwarehouse.com.au/ams/media/productimages/50003/original.jpg', '28.99', '2016-01-24 12:22:33', '2016-01-24 12:25:44'), ('71', '50004', 'Novalac AC Colic Infant Formula 800g', 'https://static.chemistwarehouse.com.au/ams/media/productimages/50004/150.jpg', 'https://static.chemistwarehouse.com.au/ams/media/productimages/50004/original.jpg', '28.99', '2016-01-24 12:22:33', '2016-01-24 12:25:44'), ('72', '50005', 'Novalac IT Constipation Infant Formula 800g', 'https://static.chemistwarehouse.com.au/ams/media/productimages/50005/150.jpg', 'https://static.chemistwarehouse.com.au/ams/media/productimages/50005/original.jpg', '28.99', '2016-01-24 12:22:33', '2016-01-24 12:25:44'), ('73', '56508', 'S26 Newborn Formula 900g', 'https://static.chemistwarehouse.com.au/ams/media/productimages/56508/150.jpg', 'https://static.chemistwarehouse.com.au/ams/media/productimages/56508/original.jpg', '19.69', '2016-01-24 12:22:33', '2016-01-24 12:25:44'), ('74', '57205', 'Novalac AR Reflux Formula 800g', 'https://static.chemistwarehouse.com.au/ams/media/productimages/57205/150.jpg', 'https://static.chemistwarehouse.com.au/ams/media/productimages/57205/original.jpg', '27.99', '2016-01-24 12:22:33', '2016-01-24 12:25:44'), ('75', '63092', 'Aptamil Gold+ 1 Infant Formula 0-6 Months 900g', 'https://static.chemistwarehouse.com.au/ams/media/productimages/63092/150.jpg', 'https://static.chemistwarehouse.com.au/ams/media/productimages/63092/original.jpg', '24.69', '2016-01-24 12:22:33', '2016-01-24 12:25:44'), ('76', '63093', 'Aptamil Gold+ 2 Follow-On Formula 6-12 Months 900g', 'https://static.chemistwarehouse.com.au/ams/media/productimages/63093/150.jpg', 'https://static.chemistwarehouse.com.au/ams/media/productimages/63093/original.jpg', '24.69', '2016-01-24 12:22:33', '2016-01-24 12:25:44'), ('77', '63148', 'Aptamil Gold+ 3 Toddler Nutritional Supplement From 1 year 900g', 'https://static.chemistwarehouse.com.au/ams/media/productimages/63148/150.jpg', 'https://static.chemistwarehouse.com.au/ams/media/productimages/63148/original.jpg', '18.69', '2016-01-24 12:22:33', '2016-01-24 12:25:44'), ('78', '63149', 'Karicare Aptamil Gold+ HA Infant Formula From Birth 0-12 Months 900g', 'https://static.chemistwarehouse.com.au/ams/media/productimages/63149/150.jpg', 'https://static.chemistwarehouse.com.au/ams/media/productimages/63149/original.jpg', '24.69', '2016-01-24 12:22:33', '2016-01-24 12:25:44'), ('79', '63150', 'Aptamil Gold+ 4 Junior Nutritional Supplement From 2 years 900g', 'https://static.chemistwarehouse.com.au/ams/media/productimages/63150/150.jpg', 'https://static.chemistwarehouse.com.au/ams/media/productimages/63150/original.jpg', '18.69', '2016-01-24 12:22:33', '2016-01-24 12:25:44'), ('80', '63867', 'NAN Pro 2 Gold 800g', 'https://static.chemistwarehouse.com.au/ams/media/productimages/63867/150.jpg', 'https://static.chemistwarehouse.com.au/ams/media/productimages/63867/original.jpg', '20.99', '2016-01-24 12:22:33', '2016-01-24 12:25:44'), ('81', '65557', 'Karicare Aptamil Feed Thickener 380g', 'https://static.chemistwarehouse.com.au/ams/media/productimages/65557/150.jpg', 'https://static.chemistwarehouse.com.au/ams/media/productimages/65557/original.jpg', '16.69', '2016-01-24 12:22:33', '2016-01-24 12:25:44'), ('82', '65830', 'S26 Gold AR Anti Reflux Formula 900g', 'https://static.chemistwarehouse.com.au/ams/media/productimages/65830/150.jpg', 'https://static.chemistwarehouse.com.au/ams/media/productimages/65830/original.jpg', '24.69', '2016-01-24 12:22:33', '2016-01-24 12:25:44'), ('83', '66338', 'Nan HA 1 Gold + Bifidus 800g', 'https://static.chemistwarehouse.com.au/ams/media/productimages/66338/150.jpg', 'https://static.chemistwarehouse.com.au/ams/media/productimages/66338/original.jpg', '24.99', '2016-01-24 12:22:33', '2016-01-24 12:25:44'), ('84', '66492', 'Nan Pro 3 Toddler 800g', 'https://static.chemistwarehouse.com.au/ams/media/productimages/66492/150.jpg', 'https://static.chemistwarehouse.com.au/ams/media/productimages/66492/original.jpg', '16.99', '2016-01-24 12:22:33', '2016-01-24 12:25:44'), ('85', '66535', 'Karicare Aptamil AR Thickened Infant Formula From Birth 0-12 Months 900g', 'https://static.chemistwarehouse.com.au/ams/media/productimages/66535/150.jpg', 'https://static.chemistwarehouse.com.au/ams/media/productimages/66535/original.jpg', '21.99', '2016-01-24 12:22:33', '2016-01-24 12:25:44'), ('86', '68468', 'NAN Comfort Formula Step 2 800g', 'https://static.chemistwarehouse.com.au/ams/media/productimages/68468/150.jpg', 'https://static.chemistwarehouse.com.au/ams/media/productimages/68468/original.jpg', '18.69', '2016-01-24 12:22:33', '2016-01-24 12:25:44'), ('87', '68469', 'NAN Comfort Formula Step 1 800g', 'https://static.chemistwarehouse.com.au/ams/media/productimages/68469/150.jpg', 'https://static.chemistwarehouse.com.au/ams/media/productimages/68469/original.jpg', '18.69', '2016-01-24 12:22:33', '2016-01-24 12:25:44'), ('88', '68813', 'Karicare Aptamil Gold+ 1 AllerPro Infant Formula From Birth 0-6 Months 900g', 'https://static.chemistwarehouse.com.au/ams/media/productimages/68813/150.jpg', 'https://static.chemistwarehouse.com.au/ams/media/productimages/68813/original.jpg', '27.69', '2016-01-24 12:22:33', '2016-01-24 12:25:44'), ('89', '68814', 'Karicare Aptamil Gold+ 2 AllerPro Follow-On Formula 6-12 Months 900g', 'https://static.chemistwarehouse.com.au/ams/media/productimages/68814/150.jpg', 'https://static.chemistwarehouse.com.au/ams/media/productimages/68814/original.jpg', '27.69', '2016-01-24 12:22:33', '2016-01-24 12:25:44'), ('90', '68815', 'Karicare Aptamil Gold De-Lact Lactose Free Infant Formula From Birth 0-12 Months 900g', 'https://static.chemistwarehouse.com.au/ams/media/productimages/68815/150.jpg', 'https://static.chemistwarehouse.com.au/ams/media/productimages/68815/original.jpg', '18.69', '2016-01-24 12:22:33', '2016-01-24 12:25:44'), ('91', '68816', 'S26 Gold Comfort 850g', 'https://static.chemistwarehouse.com.au/ams/media/productimages/68816/150.jpg', 'https://static.chemistwarehouse.com.au/ams/media/productimages/68816/original.jpg', '25.69', '2016-01-24 12:22:33', '2016-01-24 12:25:44'), ('92', '68820', 'SMA Infant Formula 900g', 'https://static.chemistwarehouse.com.au/ams/media/productimages/68820/150.jpg', 'https://static.chemistwarehouse.com.au/ams/media/productimages/68820/original.jpg', '14.69', '2016-01-24 12:22:33', '2016-01-24 12:25:44'), ('93', '69967', 'A2 Premium Toddler Stage 3 900g', 'https://static.chemistwarehouse.com.au/ams/media/productimages/69967/150.jpg', 'https://static.chemistwarehouse.com.au/ams/media/productimages/69967/original.jpg', '23.99', '2016-01-24 12:22:33', '2016-01-24 12:25:44'), ('94', '72568', 'Nan L.I Lactose Intolerance 400g', 'https://static.chemistwarehouse.com.au/ams/media/productimages/72568/150.jpg', 'https://static.chemistwarehouse.com.au/ams/media/productimages/72568/original.jpg', '11.69', '2016-01-24 12:22:33', '2016-01-24 12:25:44'), ('95', '73140', 'Aptamil Profutura Follow On Formula 6-12 months 900g', 'https://static.chemistwarehouse.com.au/ams/media/productimages/73140/150.jpg', 'https://static.chemistwarehouse.com.au/ams/media/productimages/73140/original.jpg', '29.69', '2016-01-24 12:22:33', '2016-01-24 12:25:44'), ('96', '73141', 'Aptamil Profutura Infant Formula 0-6 months 900g', 'https://static.chemistwarehouse.com.au/ams/media/productimages/73141/150.jpg', 'https://static.chemistwarehouse.com.au/ams/media/productimages/73141/original.jpg', '29.69', '2016-01-24 12:22:33', '2016-01-24 12:25:44'), ('97', '73142', 'Aptamil Profutura Toddler Nutritional Supplement From 1 year 900g', 'https://static.chemistwarehouse.com.au/ams/media/productimages/73142/150.jpg', 'https://static.chemistwarehouse.com.au/ams/media/productimages/73142/original.jpg', '24.69', '2016-01-24 12:22:33', '2016-01-24 12:25:44'), ('98', '76097', 'Bellamy Organics Feed Thickener 380g', 'https://static.chemistwarehouse.com.au/ams/media/productimages/76097/150.jpg', 'https://static.chemistwarehouse.com.au/ams/media/productimages/76097/original.jpg', '14.99', '2016-01-24 12:22:33', '2016-01-24 12:25:44'), ('99', '76992', 'Aptamil Profutura Junior Nutritional Supplement 900g', 'https://static.chemistwarehouse.com.au/ams/media/productimages/76992/150.jpg', 'https://static.chemistwarehouse.com.au/ams/media/productimages/76992/original.jpg', '24.69', '2016-01-24 12:22:33', '2016-01-24 12:25:44'), ('100', '77382', 'Nature\'s Way Kids Smart Infant Formula Stage 1 900g', 'https://static.chemistwarehouse.com.au/ams/media/productimages/77382/150.jpg', 'https://static.chemistwarehouse.com.au/ams/media/productimages/77382/original.jpg', '21.99', '2016-01-24 12:22:33', '2016-01-24 12:25:44'), ('101', '77383', 'Nature\'s Way Kids Smart Follow On Formula Stage 2 900g', 'https://static.chemistwarehouse.com.au/ams/media/productimages/77383/150.jpg', 'https://static.chemistwarehouse.com.au/ams/media/productimages/77383/original.jpg', '21.99', '2016-01-24 12:22:33', '2016-01-24 12:25:44'), ('102', '77676', 'S26 Gold Newborn Step 1 Formula 900g', 'https://static.chemistwarehouse.com.au/ams/media/productimages/77676/150.jpg', 'https://static.chemistwarehouse.com.au/ams/media/productimages/77676/original.jpg', '24.69', '2016-01-24 12:22:33', '2016-01-24 12:25:44'), ('103', '77680', 'S26 Gold Newborn Stick Pack 6 X 17g', 'https://static.chemistwarehouse.com.au/ams/media/productimages/77680/150.jpg', 'https://static.chemistwarehouse.com.au/ams/media/productimages/77680/original.jpg', '5.69', '2016-01-24 12:22:33', '2016-01-24 12:25:44'), ('104', '77681', 'S26 Gold Progress Stick Pack 4 X 26G', 'https://static.chemistwarehouse.com.au/ams/media/productimages/77681/150.jpg', 'https://static.chemistwarehouse.com.au/ams/media/productimages/77681/original.jpg', '5.69', '2016-01-24 12:22:33', '2016-01-24 12:25:44'), ('105', '77682', 'S26 Gold Toddler Stick Pack 4 X 30g', 'https://static.chemistwarehouse.com.au/ams/media/productimages/77682/150.jpg', 'https://static.chemistwarehouse.com.au/ams/media/productimages/77682/original.jpg', '5.39', '2016-01-24 12:22:33', '2016-01-24 12:25:44'), ('106', '77737', 'Profutura Mastitis Relief 21 Sachets', 'https://static.chemistwarehouse.com.au/ams/media/productimages/77737/150.jpg', 'https://static.chemistwarehouse.com.au/ams/media/productimages/77737/original.jpg', '35.39', '2016-01-24 12:22:33', '2016-01-24 12:25:44'), ('107', '77890', 'Nature\'s Way Kids Smart Yoghurt Balls 50s', 'https://static.chemistwarehouse.com.au/ams/media/productimages/77890/150.jpg', 'https://static.chemistwarehouse.com.au/ams/media/productimages/77890/original.jpg', '13.99', '2016-01-24 12:22:33', '2016-01-24 12:25:44');
COMMIT;

-- ----------------------------
--  Table structure for `os_chemist_product_fetch`
-- ----------------------------
DROP TABLE IF EXISTS `os_chemist_product_fetch`;
CREATE TABLE `os_chemist_product_fetch` (
  `chemist_product_id` int(11) NOT NULL,
  `product_name` varchar(255) DEFAULT NULL,
  `small_img_src` varchar(255) DEFAULT NULL,
  `big_img_src` varchar(255) DEFAULT NULL,
  `chemist_price` decimal(10,2) DEFAULT NULL,
  `entrytime` timestamp NULL DEFAULT CURRENT_TIMESTAMP,
  PRIMARY KEY (`chemist_product_id`)
) ENGINE=InnoDB DEFAULT CHARSET=latin1;

-- ----------------------------
--  Records of `os_chemist_product_fetch`
-- ----------------------------
BEGIN;
INSERT INTO `os_chemist_product_fetch` VALUES ('34362', 'Heinz Nurture Original Follow-On Formula 900g', 'https://static.chemistwarehouse.com.au/ams/media/productimages/34362/150.jpg', 'https://static.chemistwarehouse.com.au/ams/media/productimages/34362/original.jpg', '15.69', '2016-01-24 12:25:44'), ('41738', 'Heinz Nurture Gold Starter Formula 900g', 'https://static.chemistwarehouse.com.au/ams/media/productimages/41738/150.jpg', 'https://static.chemistwarehouse.com.au/ams/media/productimages/41738/original.jpg', '17.99', '2016-01-24 12:25:44'), ('50003', 'Novalac SD Sweet Dreams Infant Formula 800g', 'https://static.chemistwarehouse.com.au/ams/media/productimages/50003/150.jpg', 'https://static.chemistwarehouse.com.au/ams/media/productimages/50003/original.jpg', '28.99', '2016-01-24 12:25:44'), ('50004', 'Novalac AC Colic Infant Formula 800g', 'https://static.chemistwarehouse.com.au/ams/media/productimages/50004/150.jpg', 'https://static.chemistwarehouse.com.au/ams/media/productimages/50004/original.jpg', '28.99', '2016-01-24 12:25:44'), ('50005', 'Novalac IT Constipation Infant Formula 800g', 'https://static.chemistwarehouse.com.au/ams/media/productimages/50005/150.jpg', 'https://static.chemistwarehouse.com.au/ams/media/productimages/50005/original.jpg', '28.99', '2016-01-24 12:25:44'), ('53353', 'Karicare+ Goats\' Milk Follow-On Formula From 6 months 900g', 'https://static.chemistwarehouse.com.au/ams/media/productimages/53353/150.jpg', 'https://static.chemistwarehouse.com.au/ams/media/productimages/53353/original.jpg', '33.99', '2016-01-24 12:25:44'), ('55112', 'Karicare+ Goats\' Milk Infant Formula From Birth 0-6 Months 900g', 'https://static.chemistwarehouse.com.au/ams/media/productimages/55112/150.jpg', 'https://static.chemistwarehouse.com.au/ams/media/productimages/55112/original.jpg', '33.99', '2016-01-24 12:25:44'), ('55276', 'Heinz Nurture Original Infant Formula 900g', 'https://static.chemistwarehouse.com.au/ams/media/productimages/55276/150.jpg', 'https://static.chemistwarehouse.com.au/ams/media/productimages/55276/original.jpg', '15.69', '2016-01-24 12:25:44'), ('55528', 'S26 LF Formula 900g', 'https://static.chemistwarehouse.com.au/ams/media/productimages/55528/150.jpg', 'https://static.chemistwarehouse.com.au/ams/media/productimages/55528/original.jpg', '19.99', '2016-01-24 12:25:44'), ('56508', 'S26 Newborn Formula 900g', 'https://static.chemistwarehouse.com.au/ams/media/productimages/56508/150.jpg', 'https://static.chemistwarehouse.com.au/ams/media/productimages/56508/original.jpg', '19.69', '2016-01-24 12:25:44'), ('56509', 'S26 Progress Formula 900g', 'https://static.chemistwarehouse.com.au/ams/media/productimages/56509/150.jpg', 'https://static.chemistwarehouse.com.au/ams/media/productimages/56509/original.jpg', '19.69', '2016-01-24 12:25:44'), ('56696', 'Karicare+ Soy Milk Infant Formula All Ages From Birth 900g', 'https://static.chemistwarehouse.com.au/ams/media/productimages/56696/150.jpg', 'https://static.chemistwarehouse.com.au/ams/media/productimages/56696/original.jpg', '19.99', '2016-01-24 12:25:44'), ('57002', 'Heinz Nurture Gold Toddler Formula 900g', 'https://static.chemistwarehouse.com.au/ams/media/productimages/57002/150.jpg', 'https://static.chemistwarehouse.com.au/ams/media/productimages/57002/original.jpg', '14.99', '2016-01-24 12:25:44'), ('57205', 'Novalac AR Reflux Formula 800g', 'https://static.chemistwarehouse.com.au/ams/media/productimages/57205/150.jpg', 'https://static.chemistwarehouse.com.au/ams/media/productimages/57205/original.jpg', '27.99', '2016-01-24 12:25:44'), ('58045', 'Heinz Nurture Gold Follow On Formula 900g', 'https://static.chemistwarehouse.com.au/ams/media/productimages/58045/150.jpg', 'https://static.chemistwarehouse.com.au/ams/media/productimages/58045/original.jpg', '17.99', '2016-01-24 12:25:44'), ('58612', 'Heinz Nurture Original Toddler Formula 900g', 'https://static.chemistwarehouse.com.au/ams/media/productimages/58612/150.jpg', 'https://static.chemistwarehouse.com.au/ams/media/productimages/58612/original.jpg', '13.69', '2016-01-24 12:25:44'), ('63092', 'Aptamil Gold+ 1 Infant Formula 0-6 Months 900g', 'https://static.chemistwarehouse.com.au/ams/media/productimages/63092/150.jpg', 'https://static.chemistwarehouse.com.au/ams/media/productimages/63092/original.jpg', '24.69', '2016-01-24 12:25:44'), ('63093', 'Aptamil Gold+ 2 Follow-On Formula 6-12 Months 900g', 'https://static.chemistwarehouse.com.au/ams/media/productimages/63093/150.jpg', 'https://static.chemistwarehouse.com.au/ams/media/productimages/63093/original.jpg', '24.69', '2016-01-24 12:25:44'), ('63148', 'Aptamil Gold+ 3 Toddler Nutritional Supplement From 1 year 900g', 'https://static.chemistwarehouse.com.au/ams/media/productimages/63148/150.jpg', 'https://static.chemistwarehouse.com.au/ams/media/productimages/63148/original.jpg', '18.69', '2016-01-24 12:25:44'), ('63149', 'Karicare Aptamil Gold+ HA Infant Formula From Birth 0-12 Months 900g', 'https://static.chemistwarehouse.com.au/ams/media/productimages/63149/150.jpg', 'https://static.chemistwarehouse.com.au/ams/media/productimages/63149/original.jpg', '24.69', '2016-01-24 12:25:44'), ('63150', 'Aptamil Gold+ 4 Junior Nutritional Supplement From 2 years 900g', 'https://static.chemistwarehouse.com.au/ams/media/productimages/63150/150.jpg', 'https://static.chemistwarehouse.com.au/ams/media/productimages/63150/original.jpg', '18.69', '2016-01-24 12:25:44'), ('63314', 'Heinz Teething Rusks 100g', 'https://static.chemistwarehouse.com.au/ams/media/productimages/63314/150.jpg', 'https://static.chemistwarehouse.com.au/ams/media/productimages/63314/original.jpg', '3.39', '2016-01-24 12:25:44'), ('63867', 'NAN Pro 2 Gold 800g', 'https://static.chemistwarehouse.com.au/ams/media/productimages/63867/150.jpg', 'https://static.chemistwarehouse.com.au/ams/media/productimages/63867/original.jpg', '20.99', '2016-01-24 12:25:44'), ('63868', 'NAN Pro 1 Gold 800g', 'https://static.chemistwarehouse.com.au/ams/media/productimages/63868/150.jpg', 'https://static.chemistwarehouse.com.au/ams/media/productimages/63868/original.jpg', '20.99', '2016-01-24 12:25:44'), ('65411', 'S26 Gold Soy 900g', 'https://static.chemistwarehouse.com.au/ams/media/productimages/65411/150.jpg', 'https://static.chemistwarehouse.com.au/ams/media/productimages/65411/original.jpg', '24.69', '2016-01-24 12:25:44'), ('65557', 'Karicare Aptamil Feed Thickener 380g', 'https://static.chemistwarehouse.com.au/ams/media/productimages/65557/150.jpg', 'https://static.chemistwarehouse.com.au/ams/media/productimages/65557/original.jpg', '16.69', '2016-01-24 12:25:44'), ('65775', 'Nan HA Gold 3 Toddler 800g', 'https://static.chemistwarehouse.com.au/ams/media/productimages/65775/150.jpg', 'https://static.chemistwarehouse.com.au/ams/media/productimages/65775/original.jpg', '19.99', '2016-01-24 12:25:44'), ('65830', 'S26 Gold AR Anti Reflux Formula 900g', 'https://static.chemistwarehouse.com.au/ams/media/productimages/65830/150.jpg', 'https://static.chemistwarehouse.com.au/ams/media/productimages/65830/original.jpg', '24.69', '2016-01-24 12:25:44'), ('65831', 'S26 Gold LF Lactose Free Formula 900G', 'https://static.chemistwarehouse.com.au/ams/media/productimages/65831/150.jpg', 'https://static.chemistwarehouse.com.au/ams/media/productimages/65831/original.jpg', '24.69', '2016-01-24 12:25:44'), ('66326', 'Neocate Gold 400g', 'https://static.chemistwarehouse.com.au/ams/media/productimages/66326/150.jpg', 'https://static.chemistwarehouse.com.au/ams/media/productimages/66326/original.jpg', '49.69', '2016-01-24 12:25:44'), ('66338', 'Nan HA 1 Gold + Bifidus 800g', 'https://static.chemistwarehouse.com.au/ams/media/productimages/66338/150.jpg', 'https://static.chemistwarehouse.com.au/ams/media/productimages/66338/original.jpg', '24.99', '2016-01-24 12:25:44'), ('66339', 'Nan HA 2 Gold + Bifidus 800g', 'https://static.chemistwarehouse.com.au/ams/media/productimages/66339/150.jpg', 'https://static.chemistwarehouse.com.au/ams/media/productimages/66339/original.jpg', '24.99', '2016-01-24 12:25:44'), ('66492', 'Nan Pro 3 Toddler 800g', 'https://static.chemistwarehouse.com.au/ams/media/productimages/66492/150.jpg', 'https://static.chemistwarehouse.com.au/ams/media/productimages/66492/original.jpg', '16.99', '2016-01-24 12:25:44'), ('66535', 'Karicare Aptamil AR Thickened Infant Formula From Birth 0-12 Months 900g', 'https://static.chemistwarehouse.com.au/ams/media/productimages/66535/150.jpg', 'https://static.chemistwarehouse.com.au/ams/media/productimages/66535/original.jpg', '21.99', '2016-01-24 12:25:44'), ('67872', 'Karicare+ 3 Toddler Growing Up Milk From 1 year 900g', 'https://static.chemistwarehouse.com.au/ams/media/productimages/67872/150.jpg', 'https://static.chemistwarehouse.com.au/ams/media/productimages/67872/original.jpg', '17.69', '2016-01-24 12:25:44'), ('67873', 'Karicare+ 4 Toddler Growing Up Milk From 2 years 900g', 'https://static.chemistwarehouse.com.au/ams/media/productimages/67873/150.jpg', 'https://static.chemistwarehouse.com.au/ams/media/productimages/67873/original.jpg', '17.69', '2016-01-24 12:25:44'), ('68394', 'Karicare+ 1 Infant Formula From Birth 0-6 Months 900g', 'https://static.chemistwarehouse.com.au/ams/media/productimages/68394/150.jpg', 'https://static.chemistwarehouse.com.au/ams/media/productimages/68394/original.jpg', '19.69', '2016-01-24 12:25:44'), ('68395', 'Karicare+ 2 Follow-On Formula From 6 months 900g', 'https://static.chemistwarehouse.com.au/ams/media/productimages/68395/150.jpg', 'https://static.chemistwarehouse.com.au/ams/media/productimages/68395/original.jpg', '19.69', '2016-01-24 12:25:44'), ('68468', 'NAN Comfort Formula Step 2 800g', 'https://static.chemistwarehouse.com.au/ams/media/productimages/68468/150.jpg', 'https://static.chemistwarehouse.com.au/ams/media/productimages/68468/original.jpg', '18.69', '2016-01-24 12:25:44'), ('68469', 'NAN Comfort Formula Step 1 800g', 'https://static.chemistwarehouse.com.au/ams/media/productimages/68469/150.jpg', 'https://static.chemistwarehouse.com.au/ams/media/productimages/68469/original.jpg', '18.69', '2016-01-24 12:25:44'), ('68813', 'Karicare Aptamil Gold+ 1 AllerPro Infant Formula From Birth 0-6 Months 900g', 'https://static.chemistwarehouse.com.au/ams/media/productimages/68813/150.jpg', 'https://static.chemistwarehouse.com.au/ams/media/productimages/68813/original.jpg', '27.69', '2016-01-24 12:25:44'), ('68814', 'Karicare Aptamil Gold+ 2 AllerPro Follow-On Formula 6-12 Months 900g', 'https://static.chemistwarehouse.com.au/ams/media/productimages/68814/150.jpg', 'https://static.chemistwarehouse.com.au/ams/media/productimages/68814/original.jpg', '27.69', '2016-01-24 12:25:44'), ('68815', 'Karicare Aptamil Gold De-Lact Lactose Free Infant Formula From Birth 0-12 Months 900g', 'https://static.chemistwarehouse.com.au/ams/media/productimages/68815/150.jpg', 'https://static.chemistwarehouse.com.au/ams/media/productimages/68815/original.jpg', '18.69', '2016-01-24 12:25:44'), ('68816', 'S26 Gold Comfort 850g', 'https://static.chemistwarehouse.com.au/ams/media/productimages/68816/150.jpg', 'https://static.chemistwarehouse.com.au/ams/media/productimages/68816/original.jpg', '25.69', '2016-01-24 12:25:44'), ('68820', 'SMA Infant Formula 900g', 'https://static.chemistwarehouse.com.au/ams/media/productimages/68820/150.jpg', 'https://static.chemistwarehouse.com.au/ams/media/productimages/68820/original.jpg', '14.69', '2016-01-24 12:25:44'), ('69965', 'A2 Follow On Formula Stage 2 900g', 'https://static.chemistwarehouse.com.au/ams/media/productimages/69965/150.jpg', 'https://static.chemistwarehouse.com.au/ams/media/productimages/69965/original.jpg', '29.99', '2016-01-24 12:25:44'), ('69966', 'A2 Infant Formula Stage 1 900g', 'https://static.chemistwarehouse.com.au/ams/media/productimages/69966/150.jpg', 'https://static.chemistwarehouse.com.au/ams/media/productimages/69966/original.jpg', '29.99', '2016-01-24 12:25:44'), ('69967', 'A2 Premium Toddler Stage 3 900g', 'https://static.chemistwarehouse.com.au/ams/media/productimages/69967/150.jpg', 'https://static.chemistwarehouse.com.au/ams/media/productimages/69967/original.jpg', '23.99', '2016-01-24 12:25:44'), ('72567', 'NAN AR Formula 800g', 'https://static.chemistwarehouse.com.au/ams/media/productimages/72567/150.jpg', 'https://static.chemistwarehouse.com.au/ams/media/productimages/72567/original.jpg', '21.99', '2016-01-24 12:25:44'), ('72568', 'Nan L.I Lactose Intolerance 400g', 'https://static.chemistwarehouse.com.au/ams/media/productimages/72568/150.jpg', 'https://static.chemistwarehouse.com.au/ams/media/productimages/72568/original.jpg', '11.69', '2016-01-24 12:25:44'), ('73140', 'Aptamil Profutura Follow On Formula 6-12 months 900g', 'https://static.chemistwarehouse.com.au/ams/media/productimages/73140/150.jpg', 'https://static.chemistwarehouse.com.au/ams/media/productimages/73140/original.jpg', '29.69', '2016-01-24 12:25:44'), ('73141', 'Aptamil Profutura Infant Formula 0-6 months 900g', 'https://static.chemistwarehouse.com.au/ams/media/productimages/73141/150.jpg', 'https://static.chemistwarehouse.com.au/ams/media/productimages/73141/original.jpg', '29.69', '2016-01-24 12:25:44'), ('73142', 'Aptamil Profutura Toddler Nutritional Supplement From 1 year 900g', 'https://static.chemistwarehouse.com.au/ams/media/productimages/73142/150.jpg', 'https://static.chemistwarehouse.com.au/ams/media/productimages/73142/original.jpg', '24.69', '2016-01-24 12:25:44'), ('76097', 'Bellamy Organics Feed Thickener 380g', 'https://static.chemistwarehouse.com.au/ams/media/productimages/76097/150.jpg', 'https://static.chemistwarehouse.com.au/ams/media/productimages/76097/original.jpg', '14.99', '2016-01-24 12:25:44'), ('76992', 'Aptamil Profutura Junior Nutritional Supplement 900g', 'https://static.chemistwarehouse.com.au/ams/media/productimages/76992/150.jpg', 'https://static.chemistwarehouse.com.au/ams/media/productimages/76992/original.jpg', '24.69', '2016-01-24 12:25:44'), ('77382', 'Nature\'s Way Kids Smart Infant Formula Stage 1 900g', 'https://static.chemistwarehouse.com.au/ams/media/productimages/77382/150.jpg', 'https://static.chemistwarehouse.com.au/ams/media/productimages/77382/original.jpg', '21.99', '2016-01-24 12:25:44'), ('77383', 'Nature\'s Way Kids Smart Follow On Formula Stage 2 900g', 'https://static.chemistwarehouse.com.au/ams/media/productimages/77383/150.jpg', 'https://static.chemistwarehouse.com.au/ams/media/productimages/77383/original.jpg', '21.99', '2016-01-24 12:25:44'), ('77384', 'Nature\'s Way Kids Smart Toddler Stage 3 900g', 'https://static.chemistwarehouse.com.au/ams/media/productimages/77384/150.jpg', 'https://static.chemistwarehouse.com.au/ams/media/productimages/77384/original.jpg', '20.99', '2016-01-24 12:25:44'), ('77676', 'S26 Gold Newborn Step 1 Formula 900g', 'https://static.chemistwarehouse.com.au/ams/media/productimages/77676/150.jpg', 'https://static.chemistwarehouse.com.au/ams/media/productimages/77676/original.jpg', '24.69', '2016-01-24 12:25:44'), ('77677', 'S26 Gold Progress 900g', 'https://static.chemistwarehouse.com.au/ams/media/productimages/77677/150.jpg', 'https://static.chemistwarehouse.com.au/ams/media/productimages/77677/original.jpg', '24.69', '2016-01-24 12:25:44'), ('77678', 'S26 Gold Toddler 900g', 'https://static.chemistwarehouse.com.au/ams/media/productimages/77678/150.jpg', 'https://static.chemistwarehouse.com.au/ams/media/productimages/77678/original.jpg', '19.69', '2016-01-24 12:25:44'), ('77679', 'S26 Gold Junior 900g', 'https://static.chemistwarehouse.com.au/ams/media/productimages/77679/150.jpg', 'https://static.chemistwarehouse.com.au/ams/media/productimages/77679/original.jpg', '19.69', '2016-01-24 12:25:44'), ('77680', 'S26 Gold Newborn Stick Pack 6 X 17g', 'https://static.chemistwarehouse.com.au/ams/media/productimages/77680/150.jpg', 'https://static.chemistwarehouse.com.au/ams/media/productimages/77680/original.jpg', '5.69', '2016-01-24 12:25:44'), ('77681', 'S26 Gold Progress Stick Pack 4 X 26G', 'https://static.chemistwarehouse.com.au/ams/media/productimages/77681/150.jpg', 'https://static.chemistwarehouse.com.au/ams/media/productimages/77681/original.jpg', '5.69', '2016-01-24 12:25:44'), ('77682', 'S26 Gold Toddler Stick Pack 4 X 30g', 'https://static.chemistwarehouse.com.au/ams/media/productimages/77682/150.jpg', 'https://static.chemistwarehouse.com.au/ams/media/productimages/77682/original.jpg', '5.39', '2016-01-24 12:25:44'), ('77737', 'Profutura Mastitis Relief 21 Sachets', 'https://static.chemistwarehouse.com.au/ams/media/productimages/77737/150.jpg', 'https://static.chemistwarehouse.com.au/ams/media/productimages/77737/original.jpg', '35.39', '2016-01-24 12:25:44'), ('77890', 'Nature\'s Way Kids Smart Yoghurt Balls 50s', 'https://static.chemistwarehouse.com.au/ams/media/productimages/77890/150.jpg', 'https://static.chemistwarehouse.com.au/ams/media/productimages/77890/original.jpg', '13.99', '2016-01-24 12:25:44');
COMMIT;

-- ----------------------------
--  Table structure for `os_product`
-- ----------------------------
DROP TABLE IF EXISTS `os_product`;
CREATE TABLE `os_product` (
  `os_product_id` int(11) NOT NULL AUTO_INCREMENT,
  `chemist_product_id` int(11) NOT NULL,
  `product_name` varchar(255) DEFAULT NULL,
  `small_img_src` varchar(255) DEFAULT NULL,
  `big_img_src` varchar(255) DEFAULT NULL,
  `chemist_price` decimal(10,2) DEFAULT NULL,
  `entrytime` timestamp NULL DEFAULT CURRENT_TIMESTAMP,
  `update_time` timestamp NULL DEFAULT CURRENT_TIMESTAMP,
  `source_type` varchar(255) DEFAULT NULL COMMENT 'chemist, manmade',
  `barcode` varchar(255) DEFAULT NULL,
  `remark` varchar(255) DEFAULT NULL,
  PRIMARY KEY (`os_product_id`)
) ENGINE=InnoDB AUTO_INCREMENT=102 DEFAULT CHARSET=latin1;

-- ----------------------------
--  Records of `os_product`
-- ----------------------------
BEGIN;
INSERT INTO `os_product` VALUES ('1', '43238', 'Bio-Organics Glucosamine Rapid Cream 100g', 'https://static.chemistwarehouse.com.au/ams/media/productimages/43238/150.jpg', 'https://static.chemistwarehouse.com.au/ams/media/productimages/43238/original.jpg', '14.99', '2016-01-24 02:22:44', '2016-01-24 10:50:20', null, null, null), ('2', '44645', 'Bio-Organics Tribulus Max 10,000mg 50 Capsules', 'https://static.chemistwarehouse.com.au/ams/media/productimages/44645/150.jpg', 'https://static.chemistwarehouse.com.au/ams/media/productimages/44645/original.jpg', '25.99', '2016-01-24 02:22:44', '2016-01-24 10:50:20', null, null, null), ('3', '48072', 'Bio-Organics Cranberry 10000+ 90 Capsules', 'https://static.chemistwarehouse.com.au/ams/media/productimages/48072/150.jpg', 'https://static.chemistwarehouse.com.au/ams/media/productimages/48072/original.jpg', '19.99', '2016-01-24 02:22:44', '2016-01-24 10:50:20', null, null, null), ('4', '51560', 'Bio-Organics Glucosamine Forte 1500mg 100 Tablets', 'https://static.chemistwarehouse.com.au/ams/media/productimages/51560/150.jpg', 'https://static.chemistwarehouse.com.au/ams/media/productimages/51560/original.jpg', '23.99', '2016-01-24 02:22:44', '2016-01-24 10:50:20', null, null, null), ('5', '51767', 'Bio-Organics Glucosamine Sulfate Complex 1000mg 320 Capsules', 'https://static.chemistwarehouse.com.au/ams/media/productimages/51767/150.jpg', 'https://static.chemistwarehouse.com.au/ams/media/productimages/51767/original.jpg', '38.39', '2016-01-24 02:22:44', '2016-01-24 10:50:20', null, null, null), ('6', '51864', 'Bio-Organics Cranberry MAX 20000mg 60 Tablets', 'https://static.chemistwarehouse.com.au/ams/media/productimages/51864/150.jpg', 'https://static.chemistwarehouse.com.au/ams/media/productimages/51864/original.jpg', '23.99', '2016-01-24 02:22:44', '2016-01-24 10:50:20', null, null, null), ('7', '52952', 'Bio-Organics Cranberry 10000mg 150 Capsules', 'https://static.chemistwarehouse.com.au/ams/media/productimages/52952/150.jpg', 'https://static.chemistwarehouse.com.au/ams/media/productimages/52952/original.jpg', '34.99', '2016-01-24 02:22:44', '2016-01-24 10:50:20', null, null, null), ('8', '52998', 'Bio-Organics CoQ10 150mg Optimal 30 Capsules', 'https://static.chemistwarehouse.com.au/ams/media/productimages/52998/150.jpg', 'https://static.chemistwarehouse.com.au/ams/media/productimages/52998/original.jpg', '17.39', '2016-01-24 02:22:44', '2016-01-24 10:50:20', null, null, null), ('9', '53682', 'Bio-Organics Cranberry MAX 20000mg 100 Tablets', 'https://static.chemistwarehouse.com.au/ams/media/productimages/53682/150.jpg', 'https://static.chemistwarehouse.com.au/ams/media/productimages/53682/original.jpg', '35.99', '2016-01-24 02:22:44', '2016-01-24 10:50:20', null, null, null), ('10', '53988', 'Bio-Organics Brahmi 6000 Optimal 40 Capsules', 'https://static.chemistwarehouse.com.au/ams/media/productimages/53988/150.jpg', 'https://static.chemistwarehouse.com.au/ams/media/productimages/53988/original.jpg', '20.39', '2016-01-24 02:22:44', '2016-01-24 10:50:20', null, null, null), ('11', '55037', 'Bio-Organics Vitamin D3 1000iu 120 Tablets', 'https://static.chemistwarehouse.com.au/ams/media/productimages/55037/150.jpg', 'https://static.chemistwarehouse.com.au/ams/media/productimages/55037/original.jpg', '8.99', '2016-01-24 02:22:44', '2016-01-24 10:50:20', null, null, null), ('12', '55228', 'Bio-Organics Calcium 600 + Vitamin D3 400 120 Tablets', 'https://static.chemistwarehouse.com.au/ams/media/productimages/55228/150.jpg', 'https://static.chemistwarehouse.com.au/ams/media/productimages/55228/original.jpg', '11.39', '2016-01-24 02:22:44', '2016-01-24 10:50:20', null, null, null), ('13', '55660', 'Bio-Organics Magnesium Forte 100 Tablets', 'https://static.chemistwarehouse.com.au/ams/media/productimages/55660/150.jpg', 'https://static.chemistwarehouse.com.au/ams/media/productimages/55660/original.jpg', '14.99', '2016-01-24 02:22:44', '2016-01-24 10:50:20', null, null, null), ('14', '66518', 'Bio-Organics Super Strength Krill Oil 1200mg 30 Capsules', 'https://static.chemistwarehouse.com.au/ams/media/productimages/66518/150.jpg', 'https://static.chemistwarehouse.com.au/ams/media/productimages/66518/original.jpg', '21.69', '2016-01-24 02:22:44', '2016-01-24 10:50:20', null, null, null), ('15', '66555', 'Bio-Organics CoQ10 150mg Optimal 60 Capsules', 'https://static.chemistwarehouse.com.au/ams/media/productimages/66555/150.jpg', 'https://static.chemistwarehouse.com.au/ams/media/productimages/66555/original.jpg', '24.99', '2016-01-24 02:22:44', '2016-01-24 10:50:20', null, null, null), ('16', '66556', 'Bio-Organics Glucosamine 750mg and Chondroitin 400mg 180 Tablets', 'https://static.chemistwarehouse.com.au/ams/media/productimages/66556/150.jpg', 'https://static.chemistwarehouse.com.au/ams/media/productimages/66556/original.jpg', '29.99', '2016-01-24 02:22:44', '2016-01-24 10:50:20', null, null, null), ('17', '66557', 'Bio-Organics Glucosamine Forte 1500mg Tablets 20% Extra 240 Tablets', 'https://static.chemistwarehouse.com.au/ams/media/productimages/66557/150.jpg', 'https://static.chemistwarehouse.com.au/ams/media/productimages/66557/original.jpg', '23.99', '2016-01-24 02:22:44', '2016-01-24 10:50:20', null, null, null), ('18', '67202', 'Bio-Organics Magnesium Forte Powder with CoQ10 and B Vitamins 200g', 'https://static.chemistwarehouse.com.au/ams/media/productimages/67202/150.jpg', 'https://static.chemistwarehouse.com.au/ams/media/productimages/67202/original.jpg', '27.99', '2016-01-24 02:22:44', '2016-01-24 10:50:20', null, null, null), ('19', '67392', 'Bio-Organics Krill Oil + Glucosamine 60 Capsules', 'https://static.chemistwarehouse.com.au/ams/media/productimages/67392/150.jpg', 'https://static.chemistwarehouse.com.au/ams/media/productimages/67392/original.jpg', '26.99', '2016-01-24 02:22:44', '2016-01-24 10:50:20', null, null, null), ('20', '76014', 'Bio-Organics Mega Cranberry MAX 50000 60 Capsules', 'https://static.chemistwarehouse.com.au/ams/media/productimages/76014/150.jpg', 'https://static.chemistwarehouse.com.au/ams/media/productimages/76014/original.jpg', '25.99', '2016-01-24 02:22:44', '2016-01-24 10:50:20', null, null, null), ('32', '53353', 'Karicare+ Goats\' Milk Follow-On Formula From 6 months 900g', 'https://static.chemistwarehouse.com.au/ams/media/productimages/53353/150.jpg', 'https://static.chemistwarehouse.com.au/ams/media/productimages/53353/original.jpg', '33.99', '2016-01-24 02:25:06', '2016-01-24 12:25:44', null, null, null), ('33', '55112', 'Karicare+ Goats\' Milk Infant Formula From Birth 0-6 Months 900g', 'https://static.chemistwarehouse.com.au/ams/media/productimages/55112/150.jpg', 'https://static.chemistwarehouse.com.au/ams/media/productimages/55112/original.jpg', '33.99', '2016-01-24 02:25:06', '2016-01-24 12:25:44', null, null, null), ('34', '56696', 'Karicare+ Soy Milk Infant Formula All Ages From Birth 900g', 'https://static.chemistwarehouse.com.au/ams/media/productimages/56696/150.jpg', 'https://static.chemistwarehouse.com.au/ams/media/productimages/56696/original.jpg', '19.99', '2016-01-24 02:25:06', '2016-01-24 12:25:44', null, null, null), ('35', '67872', 'Karicare+ 3 Toddler Growing Up Milk From 1 year 900g', 'https://static.chemistwarehouse.com.au/ams/media/productimages/67872/150.jpg', 'https://static.chemistwarehouse.com.au/ams/media/productimages/67872/original.jpg', '17.69', '2016-01-24 02:25:06', '2016-01-24 12:25:44', null, null, null), ('36', '67873', 'Karicare+ 4 Toddler Growing Up Milk From 2 years 900g', 'https://static.chemistwarehouse.com.au/ams/media/productimages/67873/150.jpg', 'https://static.chemistwarehouse.com.au/ams/media/productimages/67873/original.jpg', '17.69', '2016-01-24 02:25:06', '2016-01-24 12:25:44', null, null, null), ('37', '68394', 'Karicare+ 1 Infant Formula From Birth 0-6 Months 900g', 'https://static.chemistwarehouse.com.au/ams/media/productimages/68394/150.jpg', 'https://static.chemistwarehouse.com.au/ams/media/productimages/68394/original.jpg', '19.69', '2016-01-24 02:25:06', '2016-01-24 12:25:44', null, null, null), ('38', '68395', 'Karicare+ 2 Follow-On Formula From 6 months 900g', 'https://static.chemistwarehouse.com.au/ams/media/productimages/68395/150.jpg', 'https://static.chemistwarehouse.com.au/ams/media/productimages/68395/original.jpg', '19.69', '2016-01-24 02:25:06', '2016-01-24 12:25:44', null, null, null), ('39', '34362', 'Heinz Nurture Original Follow-On Formula 900g', 'https://static.chemistwarehouse.com.au/ams/media/productimages/34362/150.jpg', 'https://static.chemistwarehouse.com.au/ams/media/productimages/34362/original.jpg', '15.69', '2016-01-24 12:25:44', '2016-01-24 12:25:44', 'chemist warehouse', null, null), ('40', '41738', 'Heinz Nurture Gold Starter Formula 900g', 'https://static.chemistwarehouse.com.au/ams/media/productimages/41738/150.jpg', 'https://static.chemistwarehouse.com.au/ams/media/productimages/41738/original.jpg', '17.99', '2016-01-24 12:25:44', '2016-01-24 12:25:44', 'chemist warehouse', null, null), ('41', '50003', 'Novalac SD Sweet Dreams Infant Formula 800g', 'https://static.chemistwarehouse.com.au/ams/media/productimages/50003/150.jpg', 'https://static.chemistwarehouse.com.au/ams/media/productimages/50003/original.jpg', '28.99', '2016-01-24 12:25:44', '2016-01-24 12:25:44', 'chemist warehouse', null, null), ('42', '50004', 'Novalac AC Colic Infant Formula 800g', 'https://static.chemistwarehouse.com.au/ams/media/productimages/50004/150.jpg', 'https://static.chemistwarehouse.com.au/ams/media/productimages/50004/original.jpg', '28.99', '2016-01-24 12:25:44', '2016-01-24 12:25:44', 'chemist warehouse', null, null), ('43', '50005', 'Novalac IT Constipation Infant Formula 800g', 'https://static.chemistwarehouse.com.au/ams/media/productimages/50005/150.jpg', 'https://static.chemistwarehouse.com.au/ams/media/productimages/50005/original.jpg', '28.99', '2016-01-24 12:25:44', '2016-01-24 12:25:44', 'chemist warehouse', null, null), ('44', '55276', 'Heinz Nurture Original Infant Formula 900g', 'https://static.chemistwarehouse.com.au/ams/media/productimages/55276/150.jpg', 'https://static.chemistwarehouse.com.au/ams/media/productimages/55276/original.jpg', '15.69', '2016-01-24 12:25:44', '2016-01-24 12:25:44', 'chemist warehouse', null, null), ('45', '55528', 'S26 LF Formula 900g', 'https://static.chemistwarehouse.com.au/ams/media/productimages/55528/150.jpg', 'https://static.chemistwarehouse.com.au/ams/media/productimages/55528/original.jpg', '19.99', '2016-01-24 12:25:44', '2016-01-24 12:25:44', 'chemist warehouse', null, null), ('46', '56508', 'S26 Newborn Formula 900g', 'https://static.chemistwarehouse.com.au/ams/media/productimages/56508/150.jpg', 'https://static.chemistwarehouse.com.au/ams/media/productimages/56508/original.jpg', '19.69', '2016-01-24 12:25:44', '2016-01-24 12:25:44', 'chemist warehouse', null, null), ('47', '56509', 'S26 Progress Formula 900g', 'https://static.chemistwarehouse.com.au/ams/media/productimages/56509/150.jpg', 'https://static.chemistwarehouse.com.au/ams/media/productimages/56509/original.jpg', '19.69', '2016-01-24 12:25:44', '2016-01-24 12:25:44', 'chemist warehouse', null, null), ('48', '57002', 'Heinz Nurture Gold Toddler Formula 900g', 'https://static.chemistwarehouse.com.au/ams/media/productimages/57002/150.jpg', 'https://static.chemistwarehouse.com.au/ams/media/productimages/57002/original.jpg', '14.99', '2016-01-24 12:25:44', '2016-01-24 12:25:44', 'chemist warehouse', null, null), ('49', '57205', 'Novalac AR Reflux Formula 800g', 'https://static.chemistwarehouse.com.au/ams/media/productimages/57205/150.jpg', 'https://static.chemistwarehouse.com.au/ams/media/productimages/57205/original.jpg', '27.99', '2016-01-24 12:25:44', '2016-01-24 12:25:44', 'chemist warehouse', null, null), ('50', '58045', 'Heinz Nurture Gold Follow On Formula 900g', 'https://static.chemistwarehouse.com.au/ams/media/productimages/58045/150.jpg', 'https://static.chemistwarehouse.com.au/ams/media/productimages/58045/original.jpg', '17.99', '2016-01-24 12:25:44', '2016-01-24 12:25:44', 'chemist warehouse', null, null), ('51', '58612', 'Heinz Nurture Original Toddler Formula 900g', 'https://static.chemistwarehouse.com.au/ams/media/productimages/58612/150.jpg', 'https://static.chemistwarehouse.com.au/ams/media/productimages/58612/original.jpg', '13.69', '2016-01-24 12:25:44', '2016-01-24 12:25:44', 'chemist warehouse', null, null), ('52', '63092', 'Aptamil Gold+ 1 Infant Formula 0-6 Months 900g', 'https://static.chemistwarehouse.com.au/ams/media/productimages/63092/150.jpg', 'https://static.chemistwarehouse.com.au/ams/media/productimages/63092/original.jpg', '24.69', '2016-01-24 12:25:44', '2016-01-24 12:25:44', 'chemist warehouse', null, null), ('53', '63093', 'Aptamil Gold+ 2 Follow-On Formula 6-12 Months 900g', 'https://static.chemistwarehouse.com.au/ams/media/productimages/63093/150.jpg', 'https://static.chemistwarehouse.com.au/ams/media/productimages/63093/original.jpg', '24.69', '2016-01-24 12:25:44', '2016-01-24 12:25:44', 'chemist warehouse', null, null), ('54', '63148', 'Aptamil Gold+ 3 Toddler Nutritional Supplement From 1 year 900g', 'https://static.chemistwarehouse.com.au/ams/media/productimages/63148/150.jpg', 'https://static.chemistwarehouse.com.au/ams/media/productimages/63148/original.jpg', '18.69', '2016-01-24 12:25:44', '2016-01-24 12:25:44', 'chemist warehouse', null, null), ('55', '63149', 'Karicare Aptamil Gold+ HA Infant Formula From Birth 0-12 Months 900g', 'https://static.chemistwarehouse.com.au/ams/media/productimages/63149/150.jpg', 'https://static.chemistwarehouse.com.au/ams/media/productimages/63149/original.jpg', '24.69', '2016-01-24 12:25:44', '2016-01-24 12:25:44', 'chemist warehouse', null, null), ('56', '63150', 'Aptamil Gold+ 4 Junior Nutritional Supplement From 2 years 900g', 'https://static.chemistwarehouse.com.au/ams/media/productimages/63150/150.jpg', 'https://static.chemistwarehouse.com.au/ams/media/productimages/63150/original.jpg', '18.69', '2016-01-24 12:25:44', '2016-01-24 12:25:44', 'chemist warehouse', null, null), ('57', '63314', 'Heinz Teething Rusks 100g', 'https://static.chemistwarehouse.com.au/ams/media/productimages/63314/150.jpg', 'https://static.chemistwarehouse.com.au/ams/media/productimages/63314/original.jpg', '3.39', '2016-01-24 12:25:44', '2016-01-24 12:25:44', 'chemist warehouse', null, null), ('58', '63867', 'NAN Pro 2 Gold 800g', 'https://static.chemistwarehouse.com.au/ams/media/productimages/63867/150.jpg', 'https://static.chemistwarehouse.com.au/ams/media/productimages/63867/original.jpg', '20.99', '2016-01-24 12:25:44', '2016-01-24 12:25:44', 'chemist warehouse', null, null), ('59', '63868', 'NAN Pro 1 Gold 800g', 'https://static.chemistwarehouse.com.au/ams/media/productimages/63868/150.jpg', 'https://static.chemistwarehouse.com.au/ams/media/productimages/63868/original.jpg', '20.99', '2016-01-24 12:25:44', '2016-01-24 12:25:44', 'chemist warehouse', null, null), ('60', '65411', 'S26 Gold Soy 900g', 'https://static.chemistwarehouse.com.au/ams/media/productimages/65411/150.jpg', 'https://static.chemistwarehouse.com.au/ams/media/productimages/65411/original.jpg', '24.69', '2016-01-24 12:25:44', '2016-01-24 12:25:44', 'chemist warehouse', null, null), ('61', '65557', 'Karicare Aptamil Feed Thickener 380g', 'https://static.chemistwarehouse.com.au/ams/media/productimages/65557/150.jpg', 'https://static.chemistwarehouse.com.au/ams/media/productimages/65557/original.jpg', '16.69', '2016-01-24 12:25:44', '2016-01-24 12:25:44', 'chemist warehouse', null, null), ('62', '65775', 'Nan HA Gold 3 Toddler 800g', 'https://static.chemistwarehouse.com.au/ams/media/productimages/65775/150.jpg', 'https://static.chemistwarehouse.com.au/ams/media/productimages/65775/original.jpg', '19.99', '2016-01-24 12:25:44', '2016-01-24 12:25:44', 'chemist warehouse', null, null), ('63', '65830', 'S26 Gold AR Anti Reflux Formula 900g', 'https://static.chemistwarehouse.com.au/ams/media/productimages/65830/150.jpg', 'https://static.chemistwarehouse.com.au/ams/media/productimages/65830/original.jpg', '24.69', '2016-01-24 12:25:44', '2016-01-24 12:25:44', 'chemist warehouse', null, null), ('64', '65831', 'S26 Gold LF Lactose Free Formula 900G', 'https://static.chemistwarehouse.com.au/ams/media/productimages/65831/150.jpg', 'https://static.chemistwarehouse.com.au/ams/media/productimages/65831/original.jpg', '24.69', '2016-01-24 12:25:44', '2016-01-24 12:25:44', 'chemist warehouse', null, null), ('65', '66326', 'Neocate Gold 400g', 'https://static.chemistwarehouse.com.au/ams/media/productimages/66326/150.jpg', 'https://static.chemistwarehouse.com.au/ams/media/productimages/66326/original.jpg', '49.69', '2016-01-24 12:25:44', '2016-01-24 12:25:44', 'chemist warehouse', null, null), ('66', '66338', 'Nan HA 1 Gold + Bifidus 800g', 'https://static.chemistwarehouse.com.au/ams/media/productimages/66338/150.jpg', 'https://static.chemistwarehouse.com.au/ams/media/productimages/66338/original.jpg', '24.99', '2016-01-24 12:25:44', '2016-01-24 12:25:44', 'chemist warehouse', null, null), ('67', '66339', 'Nan HA 2 Gold + Bifidus 800g', 'https://static.chemistwarehouse.com.au/ams/media/productimages/66339/150.jpg', 'https://static.chemistwarehouse.com.au/ams/media/productimages/66339/original.jpg', '24.99', '2016-01-24 12:25:44', '2016-01-24 12:25:44', 'chemist warehouse', null, null), ('68', '66492', 'Nan Pro 3 Toddler 800g', 'https://static.chemistwarehouse.com.au/ams/media/productimages/66492/150.jpg', 'https://static.chemistwarehouse.com.au/ams/media/productimages/66492/original.jpg', '16.99', '2016-01-24 12:25:44', '2016-01-24 12:25:44', 'chemist warehouse', null, null), ('69', '66535', 'Karicare Aptamil AR Thickened Infant Formula From Birth 0-12 Months 900g', 'https://static.chemistwarehouse.com.au/ams/media/productimages/66535/150.jpg', 'https://static.chemistwarehouse.com.au/ams/media/productimages/66535/original.jpg', '21.99', '2016-01-24 12:25:44', '2016-01-24 12:25:44', 'chemist warehouse', null, null), ('70', '68468', 'NAN Comfort Formula Step 2 800g', 'https://static.chemistwarehouse.com.au/ams/media/productimages/68468/150.jpg', 'https://static.chemistwarehouse.com.au/ams/media/productimages/68468/original.jpg', '18.69', '2016-01-24 12:25:44', '2016-01-24 12:25:44', 'chemist warehouse', null, null), ('71', '68469', 'NAN Comfort Formula Step 1 800g', 'https://static.chemistwarehouse.com.au/ams/media/productimages/68469/150.jpg', 'https://static.chemistwarehouse.com.au/ams/media/productimages/68469/original.jpg', '18.69', '2016-01-24 12:25:44', '2016-01-24 12:25:44', 'chemist warehouse', null, null), ('72', '68813', 'Karicare Aptamil Gold+ 1 AllerPro Infant Formula From Birth 0-6 Months 900g', 'https://static.chemistwarehouse.com.au/ams/media/productimages/68813/150.jpg', 'https://static.chemistwarehouse.com.au/ams/media/productimages/68813/original.jpg', '27.69', '2016-01-24 12:25:44', '2016-01-24 12:25:44', 'chemist warehouse', null, null), ('73', '68814', 'Karicare Aptamil Gold+ 2 AllerPro Follow-On Formula 6-12 Months 900g', 'https://static.chemistwarehouse.com.au/ams/media/productimages/68814/150.jpg', 'https://static.chemistwarehouse.com.au/ams/media/productimages/68814/original.jpg', '27.69', '2016-01-24 12:25:44', '2016-01-24 12:25:44', 'chemist warehouse', null, null), ('74', '68815', 'Karicare Aptamil Gold De-Lact Lactose Free Infant Formula From Birth 0-12 Months 900g', 'https://static.chemistwarehouse.com.au/ams/media/productimages/68815/150.jpg', 'https://static.chemistwarehouse.com.au/ams/media/productimages/68815/original.jpg', '18.69', '2016-01-24 12:25:44', '2016-01-24 12:25:44', 'chemist warehouse', null, null), ('75', '68816', 'S26 Gold Comfort 850g', 'https://static.chemistwarehouse.com.au/ams/media/productimages/68816/150.jpg', 'https://static.chemistwarehouse.com.au/ams/media/productimages/68816/original.jpg', '25.69', '2016-01-24 12:25:44', '2016-01-24 12:25:44', 'chemist warehouse', null, null), ('76', '68820', 'SMA Infant Formula 900g', 'https://static.chemistwarehouse.com.au/ams/media/productimages/68820/150.jpg', 'https://static.chemistwarehouse.com.au/ams/media/productimages/68820/original.jpg', '14.69', '2016-01-24 12:25:44', '2016-01-24 12:25:44', 'chemist warehouse', null, null), ('77', '69965', 'A2 Follow On Formula Stage 2 900g', 'https://static.chemistwarehouse.com.au/ams/media/productimages/69965/150.jpg', 'https://static.chemistwarehouse.com.au/ams/media/productimages/69965/original.jpg', '29.99', '2016-01-24 12:25:44', '2016-01-24 12:25:44', 'chemist warehouse', null, null), ('78', '69966', 'A2 Infant Formula Stage 1 900g', 'https://static.chemistwarehouse.com.au/ams/media/productimages/69966/150.jpg', 'https://static.chemistwarehouse.com.au/ams/media/productimages/69966/original.jpg', '29.99', '2016-01-24 12:25:44', '2016-01-24 12:25:44', 'chemist warehouse', null, null), ('79', '69967', 'A2 Premium Toddler Stage 3 900g', 'https://static.chemistwarehouse.com.au/ams/media/productimages/69967/150.jpg', 'https://static.chemistwarehouse.com.au/ams/media/productimages/69967/original.jpg', '23.99', '2016-01-24 12:25:44', '2016-01-24 12:25:44', 'chemist warehouse', null, null), ('80', '72567', 'NAN AR Formula 800g', 'https://static.chemistwarehouse.com.au/ams/media/productimages/72567/150.jpg', 'https://static.chemistwarehouse.com.au/ams/media/productimages/72567/original.jpg', '21.99', '2016-01-24 12:25:44', '2016-01-24 12:25:44', 'chemist warehouse', null, null), ('81', '72568', 'Nan L.I Lactose Intolerance 400g', 'https://static.chemistwarehouse.com.au/ams/media/productimages/72568/150.jpg', 'https://static.chemistwarehouse.com.au/ams/media/productimages/72568/original.jpg', '11.69', '2016-01-24 12:25:44', '2016-01-24 12:25:44', 'chemist warehouse', null, null), ('82', '73140', 'Aptamil Profutura Follow On Formula 6-12 months 900g', 'https://static.chemistwarehouse.com.au/ams/media/productimages/73140/150.jpg', 'https://static.chemistwarehouse.com.au/ams/media/productimages/73140/original.jpg', '29.69', '2016-01-24 12:25:44', '2016-01-24 12:25:44', 'chemist warehouse', null, null), ('83', '73141', 'Aptamil Profutura Infant Formula 0-6 months 900g', 'https://static.chemistwarehouse.com.au/ams/media/productimages/73141/150.jpg', 'https://static.chemistwarehouse.com.au/ams/media/productimages/73141/original.jpg', '29.69', '2016-01-24 12:25:44', '2016-01-24 12:25:44', 'chemist warehouse', null, null), ('84', '73142', 'Aptamil Profutura Toddler Nutritional Supplement From 1 year 900g', 'https://static.chemistwarehouse.com.au/ams/media/productimages/73142/150.jpg', 'https://static.chemistwarehouse.com.au/ams/media/productimages/73142/original.jpg', '24.69', '2016-01-24 12:25:44', '2016-01-24 12:25:44', 'chemist warehouse', null, null), ('85', '76097', 'Bellamy Organics Feed Thickener 380g', 'https://static.chemistwarehouse.com.au/ams/media/productimages/76097/150.jpg', 'https://static.chemistwarehouse.com.au/ams/media/productimages/76097/original.jpg', '14.99', '2016-01-24 12:25:44', '2016-01-24 12:25:44', 'chemist warehouse', null, null), ('86', '76992', 'Aptamil Profutura Junior Nutritional Supplement 900g', 'https://static.chemistwarehouse.com.au/ams/media/productimages/76992/150.jpg', 'https://static.chemistwarehouse.com.au/ams/media/productimages/76992/original.jpg', '24.69', '2016-01-24 12:25:44', '2016-01-24 12:25:44', 'chemist warehouse', null, null), ('87', '77382', 'Nature\'s Way Kids Smart Infant Formula Stage 1 900g', 'https://static.chemistwarehouse.com.au/ams/media/productimages/77382/150.jpg', 'https://static.chemistwarehouse.com.au/ams/media/productimages/77382/original.jpg', '21.99', '2016-01-24 12:25:44', '2016-01-24 12:25:44', 'chemist warehouse', null, null), ('88', '77383', 'Nature\'s Way Kids Smart Follow On Formula Stage 2 900g', 'https://static.chemistwarehouse.com.au/ams/media/productimages/77383/150.jpg', 'https://static.chemistwarehouse.com.au/ams/media/productimages/77383/original.jpg', '21.99', '2016-01-24 12:25:44', '2016-01-24 12:25:44', 'chemist warehouse', null, null), ('89', '77384', 'Nature\'s Way Kids Smart Toddler Stage 3 900g', 'https://static.chemistwarehouse.com.au/ams/media/productimages/77384/150.jpg', 'https://static.chemistwarehouse.com.au/ams/media/productimages/77384/original.jpg', '20.99', '2016-01-24 12:25:44', '2016-01-24 12:25:44', 'chemist warehouse', null, null), ('90', '77676', 'S26 Gold Newborn Step 1 Formula 900g', 'https://static.chemistwarehouse.com.au/ams/media/productimages/77676/150.jpg', 'https://static.chemistwarehouse.com.au/ams/media/productimages/77676/original.jpg', '24.69', '2016-01-24 12:25:44', '2016-01-24 12:25:44', 'chemist warehouse', null, null), ('91', '77677', 'S26 Gold Progress 900g', 'https://static.chemistwarehouse.com.au/ams/media/productimages/77677/150.jpg', 'https://static.chemistwarehouse.com.au/ams/media/productimages/77677/original.jpg', '24.69', '2016-01-24 12:25:44', '2016-01-24 12:25:44', 'chemist warehouse', null, null), ('92', '77678', 'S26 Gold Toddler 900g', 'https://static.chemistwarehouse.com.au/ams/media/productimages/77678/150.jpg', 'https://static.chemistwarehouse.com.au/ams/media/productimages/77678/original.jpg', '19.69', '2016-01-24 12:25:44', '2016-01-24 12:25:44', 'chemist warehouse', null, null), ('93', '77679', 'S26 Gold Junior 900g', 'https://static.chemistwarehouse.com.au/ams/media/productimages/77679/150.jpg', 'https://static.chemistwarehouse.com.au/ams/media/productimages/77679/original.jpg', '19.69', '2016-01-24 12:25:44', '2016-01-24 12:25:44', 'chemist warehouse', null, null), ('94', '77680', 'S26 Gold Newborn Stick Pack 6 X 17g', 'https://static.chemistwarehouse.com.au/ams/media/productimages/77680/150.jpg', 'https://static.chemistwarehouse.com.au/ams/media/productimages/77680/original.jpg', '5.69', '2016-01-24 12:25:44', '2016-01-24 12:25:44', 'chemist warehouse', null, null), ('95', '77681', 'S26 Gold Progress Stick Pack 4 X 26G', 'https://static.chemistwarehouse.com.au/ams/media/productimages/77681/150.jpg', 'https://static.chemistwarehouse.com.au/ams/media/productimages/77681/original.jpg', '5.69', '2016-01-24 12:25:44', '2016-01-24 12:25:44', 'chemist warehouse', null, null), ('96', '77682', 'S26 Gold Toddler Stick Pack 4 X 30g', 'https://static.chemistwarehouse.com.au/ams/media/productimages/77682/150.jpg', 'https://static.chemistwarehouse.com.au/ams/media/productimages/77682/original.jpg', '5.39', '2016-01-24 12:25:44', '2016-01-24 12:25:44', 'chemist warehouse', null, null), ('97', '77737', 'Profutura Mastitis Relief 21 Sachets', 'https://static.chemistwarehouse.com.au/ams/media/productimages/77737/150.jpg', 'https://static.chemistwarehouse.com.au/ams/media/productimages/77737/original.jpg', '35.39', '2016-01-24 12:25:44', '2016-01-24 12:25:44', 'chemist warehouse', null, null), ('98', '77890', 'Nature\'s Way Kids Smart Yoghurt Balls 50s', 'https://static.chemistwarehouse.com.au/ams/media/productimages/77890/150.jpg', 'https://static.chemistwarehouse.com.au/ams/media/productimages/77890/original.jpg', '13.99', '2016-01-24 12:25:44', '2016-01-24 12:25:44', 'chemist warehouse', null, null);
COMMIT;

-- ----------------------------
--  Table structure for `ot_product`
-- ----------------------------
DROP TABLE IF EXISTS `ot_product`;
CREATE TABLE `ot_product` (
  `product_id` int(11) NOT NULL AUTO_INCREMENT COMMENT 'ID',
  `product_name` varchar(200) NOT NULL,
  `product_chinese_name` varchar(200) DEFAULT NULL,
  `barcode` int(11) DEFAULT NULL,
  `category_id` int(11) DEFAULT NULL,
  `brand_id` int(11) DEFAULT NULL,
  PRIMARY KEY (`product_id`),
  KEY `fk_brand` (`brand_id`) USING BTREE,
  KEY `fk_category` (`category_id`) USING BTREE
) ENGINE=MyISAM DEFAULT CHARSET=latin1;

SET FOREIGN_KEY_CHECKS = 1;
